#,id,uuid,text,post_id,created_at,updated_at,raw,author_id,like_count
1,18072356836961382,8ffb200a-e562-47b2-a252-51a76fd75d73,The next listiyanto raharjo legend kiper,DMFpII8hiI_,2025-07-18 03:07:57.604,2025-07-18 03:07:57.604,"{""id"": ""18072356836961382"", ""text"": ""The next listiyanto raharjo legend kiper"", ""owner"": {""id"": ""1401394443"", ""username"": ""handokoharry"", ""is_verified"": false, ""profile_pic_url"": ""https://instagram.fipn1-1.fna.fbcdn.net/v/t51.2885-19/504588671_18513722710050444_4892453265160745247_n.jpg?stp=dst-jpg_s150x150_tt6&_nc_ht=instagram.fipn1-1.fna.fbcdn.net&_nc_cat=100&_nc_oc=Q6cZ2QGJ_6YK3_iVoAemf28uqgRHL3X93erdNDqjMRoBunmrMCzgwSKqNym1Q__iH2pmQ_E&_nc_ohc=7JRj8vIciJUQ7kNvwH3jyav&_nc_gid=WwZWl3W-afb4o2dLy4_J6w&edm=APs17CUBAAAA&ccb=7-5&oh=00_AfQCnbK0Uu4mHU13lnj03vPJiumxn_IuycJovPIDMwDFQA&oe=687FA5AA&_nc_sid=10d13b""}, ""created_at"": 1752597070, ""edge_liked_by"": {""count"": 0}, ""viewer_has_liked"": false, ""did_report_as_spam"": false, ""is_restricted_pending"": false}",1401394443,
2,18084258718825160,0bb76d7a-48aa-4a94-825f-156669b80edc,üíôüî•,DMFpII8hiI_,2025-07-18 03:07:57.645,2025-07-18 03:07:57.645,"{""id"": ""18084258718825160"", ""text"": ""üíôüî•"", ""owner"": {""id"": ""3256686539"", ""username"": ""katherina_restu"", ""is_verified"": false, ""profile_pic_url"": ""https://instagram.fipn1-1.fna.fbcdn.net/v/t51.2885-19/333710927_913154113145515_3192700368730353859_n.jpg?stp=dst-jpg_s150x150_tt6&_nc_ht=instagram.fipn1-1.fna.fbcdn.net&_nc_cat=107&_nc_oc=Q6cZ2QGJ_6YK3_iVoAemf28uqgRHL3X93erdNDqjMRoBunmrMCzgwSKqNym1Q__iH2pmQ_E&_nc_ohc=QR4vJDWzTZAQ7kNvwFzh2OO&_nc_gid=WwZWl3W-afb4o2dLy4_J6w&edm=APs17CUBAAAA&ccb=7-5&oh=00_AfSl_jXl5DbwUKho6K2FSLEVZ0LzVz7txc9T--UDJnJ1IQ&oe=687F95AC&_nc_sid=10d13b""}, ""created_at"": 1752599273, ""edge_liked_by"": {""count"": 1}, ""viewer_has_liked"": false, ""did_report_as_spam"": false, ""is_restricted_pending"": false}",3256686539,
3,17886663057300582,5b95c28e-b0d4-4d02-91f3-51a1b11248b9,Terus berkembang cahya and comeback to jakartaüî•,DMFpII8hiI_,2025-07-18 03:07:57.692,2025-07-18 03:07:57.692,"{""id"": ""17886663057300582"", ""text"": ""Terus berkembang cahya and comeback to jakartaüî•"", ""owner"": {""id"": ""53419334182"", ""username"": ""dejongazm"", ""is_verified"": false, ""profile_pic_url"": ""https://instagram.fipn1-1.fna.fbcdn.net/v/t51.2885-19/449633985_1143196346962400_7813026126411100201_n.jpg?stp=dst-jpg_s150x150_tt6&_nc_ht=instagram.fipn1-1.fna.fbcdn.net&_nc_cat=108&_nc_oc=Q6cZ2QGJ_6YK3_iVoAemf28uqgRHL3X93erdNDqjMRoBunmrMCzgwSKqNym1Q__iH2pmQ_E&_nc_ohc=0dCguo1H8X0Q7kNvwFNBWtN&_nc_gid=WwZWl3W-afb4o2dLy4_J6w&edm=APs17CUBAAAA&ccb=7-5&oh=00_AfTbH8GlEm9tqJiyW4qjBYpIBnhZ88k7ATzadY9vQUcofg&oe=687F8241&_nc_sid=10d13b""}, ""created_at"": 1752605724, ""edge_liked_by"": {""count"": 0}, ""viewer_has_liked"": false, ""did_report_as_spam"": false, ""is_restricted_pending"": false}",53419334182,
4,18042763283639367,5b0b9484-d37b-4f68-8ed9-d6d553892152,Udh bukan liga 1 kan,DMFpII8hiI_,2025-07-18 03:07:57.730,2025-07-18 03:07:57.730,"{""id"": ""18042763283639367"", ""text"": ""Udh bukan liga 1 kan"", ""owner"": {""id"": ""68092426444"", ""username"": ""sopyanazka_"", ""is_verified"": false, ""profile_pic_url"": ""https://instagram.fipn1-1.fna.fbcdn.net/v/t51.2885-19/491504562_530131980154999_6125533574553882962_n.jpg?stp=dst-jpg_s150x150_tt6&_nc_ht=instagram.fipn1-1.fna.fbcdn.net&_nc_cat=107&_nc_oc=Q6cZ2QGJ_6YK3_iVoAemf28uqgRHL3X93erdNDqjMRoBunmrMCzgwSKqNym1Q__iH2pmQ_E&_nc_ohc=W_IvRH20xNcQ7kNvwF9Bawb&_nc_gid=WwZWl3W-afb4o2dLy4_J6w&edm=APs17CUBAAAA&ccb=7-5&oh=00_AfRq06UEiTpsEU9PHwKNNRn_n7oLG7XDCxu2nzDXXvqVeg&oe=687F9ADE&_nc_sid=10d13b""}, ""created_at"": 1752611193, ""edge_liked_by"": {""count"": 0}, ""viewer_has_liked"": false, ""did_report_as_spam"": false, ""is_restricted_pending"": false}",68092426444,
5,18141298312413615,7103dece-2720-4367-827b-74c19bb19a35,Bismillah kaks ü§≤üèª @cahya50supriadiii,DMFpII8hiI_,2025-07-18 03:07:57.773,2025-07-18 03:07:57.773,"{""id"": ""18141298312413615"", ""text"": ""Bismillah kaks ü§≤üèª @cahya50supriadiii"", ""owner"": {""id"": ""3036558999"", ""username"": ""panjiaf31"", ""is_verified"": false, ""profile_pic_url"": ""https://instagram.fipn1-1.fna.fbcdn.net/v/t51.2885-19/502557277_18411251509103000_8511786274733682693_n.jpg?stp=dst-jpg_s150x150_tt6&_nc_ht=instagram.fipn1-1.fna.fbcdn.net&_nc_cat=108&_nc_oc=Q6cZ2QGJ_6YK3_iVoAemf28uqgRHL3X93erdNDqjMRoBunmrMCzgwSKqNym1Q__iH2pmQ_E&_nc_ohc=Pe7fj6FE0WAQ7kNvwET_6Lt&_nc_gid=WwZWl3W-afb4o2dLy4_J6w&edm=APs17CUBAAAA&ccb=7-5&oh=00_AfSn_yBFlL9OmMzSFq44XRZe2C__iV-b3hq2Pp929MftFQ&oe=687F9AFE&_nc_sid=10d13b""}, ""created_at"": 1752614544, ""edge_liked_by"": {""count"": 0}, ""viewer_has_liked"": false, ""did_report_as_spam"": false, ""is_restricted_pending"": false}",3036558999,
6,17893919409143106,56982f88-22f9-4845-bac3-7c37e22921be,lanjut Hokky caraka,DMFpII8hiI_,2025-07-18 03:07:57.801,2025-07-18 03:07:57.801,"{""id"": ""17893919409143106"", ""text"": ""lanjut Hokky caraka"", ""owner"": {""id"": ""68277192981"", ""username"": ""rbvsportsplus"", ""is_verified"": false, ""profile_pic_url"": ""https://instagram.fipn1-1.fna.fbcdn.net/v/t51.2885-19/503659195_17886783219272982_1846243101880673647_n.jpg?stp=dst-jpg_s150x150_tt6&_nc_ht=instagram.fipn1-1.fna.fbcdn.net&_nc_cat=106&_nc_oc=Q6cZ2QGJ_6YK3_iVoAemf28uqgRHL3X93erdNDqjMRoBunmrMCzgwSKqNym1Q__iH2pmQ_E&_nc_ohc=9MzSYYGuEfsQ7kNvwFfXKTv&_nc_gid=WwZWl3W-afb4o2dLy4_J6w&edm=APs17CUBAAAA&ccb=7-5&oh=00_AfRlEIkXfNroURrLuo1WzBa4rbtG7Vh7Lb3j17RXLnSoww&oe=687F78CC&_nc_sid=10d13b""}, ""created_at"": 1752619267, ""edge_liked_by"": {""count"": 1}, ""viewer_has_liked"": false, ""did_report_as_spam"": false, ""is_restricted_pending"": false}",68277192981,
7,17876980503364579,4e6c7c3c-53b6-44ed-88dc-2dbc43e75e47,viking Brajamusti the Jak üíôüíôüß°,DMFpII8hiI_,2025-07-18 03:07:57.832,2025-07-18 03:07:57.832,"{""id"": ""17876980503364579"", ""text"": ""viking Brajamusti the Jak üíôüíôüß°"", ""owner"": {""id"": ""68277192981"", ""username"": ""rbvsportsplus"", ""is_verified"": false, ""profile_pic_url"": ""https://instagram.fipn1-1.fna.fbcdn.net/v/t51.2885-19/503659195_17886783219272982_1846243101880673647_n.jpg?stp=dst-jpg_s150x150_tt6&_nc_ht=instagram.fipn1-1.fna.fbcdn.net&_nc_cat=106&_nc_oc=Q6cZ2QGJ_6YK3_iVoAemf28uqgRHL3X93erdNDqjMRoBunmrMCzgwSKqNym1Q__iH2pmQ_E&_nc_ohc=9MzSYYGuEfsQ7kNvwFfXKTv&_nc_gid=WwZWl3W-afb4o2dLy4_J6w&edm=APs17CUBAAAA&ccb=7-5&oh=00_AfRlEIkXfNroURrLuo1WzBa4rbtG7Vh7Lb3j17RXLnSoww&oe=687F78CC&_nc_sid=10d13b""}, ""created_at"": 1752619289, ""edge_liked_by"": {""count"": 1}, ""viewer_has_liked"": false, ""did_report_as_spam"": false, ""is_restricted_pending"": false}",68277192981,
8,18073727420506823,7db7e374-56fc-4f35-908e-a2b4551d3966,Gasin bro @cahya50supriadiii üëÜüî•,DMFpII8hiI_,2025-07-18 03:07:57.863,2025-07-18 03:07:57.863,"{""id"": ""18073727420506823"", ""text"": ""Gasin bro @cahya50supriadiii üëÜüî•"", ""owner"": {""id"": ""1945154010"", ""username"": ""abang.n92"", ""is_verified"": false, ""profile_pic_url"": ""https://instagram.fipn1-1.fna.fbcdn.net/v/t51.2885-19/471990706_1174905047383234_8550887863184633643_n.jpg?stp=dst-jpg_s150x150_tt6&_nc_ht=instagram.fipn1-1.fna.fbcdn.net&_nc_cat=110&_nc_oc=Q6cZ2QGJ_6YK3_iVoAemf28uqgRHL3X93erdNDqjMRoBunmrMCzgwSKqNym1Q__iH2pmQ_E&_nc_ohc=lgaOEjRn9ZoQ7kNvwEI0-t3&_nc_gid=WwZWl3W-afb4o2dLy4_J6w&edm=APs17CUBAAAA&ccb=7-5&oh=00_AfSwZL8p6Q2B0Y7YvhwFkirbHpTRnWgreof78sM_ULoEmQ&oe=687F9595&_nc_sid=10d13b""}, ""created_at"": 1752631173, ""edge_liked_by"": {""count"": 2}, ""viewer_has_liked"": false, ""did_report_as_spam"": false, ""is_restricted_pending"": false}",1945154010,
9,18214915159306365,80f45030-9ef6-4283-97bb-ce0f1bdc14d3,wow üôåüíô,DMFpII8hiI_,2025-07-18 03:07:57.909,2025-07-18 03:07:57.909,"{""id"": ""18214915159306365"", ""text"": ""wow üôåüíô"", ""owner"": {""id"": ""72096385353"", ""username"": ""mhmmdfachririzkiii"", ""is_verified"": false, ""profile_pic_url"": ""https://instagram.fdel25-2.fna.fbcdn.net/v/t51.2885-19/464760996_1254146839119862_3605321457742435801_n.png?stp=dst-jpg_e0_s150x150_tt6&cb=8577c754-c2464923&_nc_ht=instagram.fdel25-2.fna.fbcdn.net&_nc_cat=1&_nc_oc=Q6cZ2QEFFJWr8RGrVVlwN-skJJykT-Uiv6idGPRnbDG57kzogmb-kkzR4Q1vVpB-jx_a_IPHI_xp7zP58SCvPwlc9T-E&_nc_ohc=DaCttfv6CKgQ7kNvwFmXLhT&_nc_gid=8EPwlr3aedeE-Z3dxGdWeA&edm=AJ9x6zYBAAAA&ccb=7-5&ig_cache_key=YW5vbnltb3VzX3Byb2ZpbGVfcGlj.3-ccb7-5-cb8577c754-c2464923&oh=00_AfQZKhEsMA5kvzdiF4MOfzFb11WrcZAbPpiOUGISSKtUyQ&oe=687FA8A8&_nc_sid=65462d""}, ""created_at"": 1752634888, ""edge_liked_by"": {""count"": 0}, ""viewer_has_liked"": false, ""did_report_as_spam"": false, ""is_restricted_pending"": false}",72096385353,
10,17977128413736722,9da0c853-21c2-4aad-9103-737e26d31902,üî•üî•üß°,DMFpII8hiI_,2025-07-18 03:07:57.938,2025-07-18 03:07:57.938,"{""id"": ""17977128413736722"", ""text"": ""üî•üî•üß°"", ""owner"": {""id"": ""33992698970"", ""username"": ""rickywibowo_"", ""is_verified"": false, ""profile_pic_url"": ""https://instagram.fipn1-1.fna.fbcdn.net/v/t51.2885-19/521225526_18066045002130971_3014393857103756098_n.jpg?stp=dst-jpg_s150x150_tt6&_nc_ht=instagram.fipn1-1.fna.fbcdn.net&_nc_cat=111&_nc_oc=Q6cZ2QGJ_6YK3_iVoAemf28uqgRHL3X93erdNDqjMRoBunmrMCzgwSKqNym1Q__iH2pmQ_E&_nc_ohc=xZF5cHSvOAAQ7kNvwE_2a5s&_nc_gid=WwZWl3W-afb4o2dLy4_J6w&edm=APs17CUBAAAA&ccb=7-5&oh=00_AfQcakScu_73IeQt4ZIVMW3cuQefHG4U2DC3N3Z-OEu8CQ&oe=687F7A1D&_nc_sid=10d13b""}, ""created_at"": 1752642790, ""edge_liked_by"": {""count"": 0}, ""viewer_has_liked"": false, ""did_report_as_spam"": false, ""is_restricted_pending"": false}",33992698970,
11,17885119536335714,add71a1a-c6e8-4ee6-8527-17b0f47946e4,Siapa yang udah tau dari timnas Indonesia ------>>>>>>,DMFpII8hiI_,2025-07-18 03:07:57.966,2025-07-18 03:07:57.966,"{""id"": ""17885119536335714"", ""text"": ""Siapa yang udah tau dari timnas Indonesia ------>>>>>>"", ""owner"": {""id"": ""72300501251"", ""username"": ""citereupviral"", ""is_verified"": false, ""profile_pic_url"": ""https://instagram.fipn1-1.fna.fbcdn.net/v/t51.2885-19/476347977_1347696189918323_829191652274488053_n.jpg?stp=dst-jpg_s150x150_tt6&_nc_ht=instagram.fipn1-1.fna.fbcdn.net&_nc_cat=111&_nc_oc=Q6cZ2QGJ_6YK3_iVoAemf28uqgRHL3X93erdNDqjMRoBunmrMCzgwSKqNym1Q__iH2pmQ_E&_nc_ohc=BApP23KtvkcQ7kNvwFkUEAW&_nc_gid=WwZWl3W-afb4o2dLy4_J6w&edm=APs17CUBAAAA&ccb=7-5&oh=00_AfRF0skcHVZyTgsgOio6P05HD8jlEo5Aldv15qNWKCheNg&oe=687F7264&_nc_sid=10d13b""}, ""created_at"": 1752655914, ""edge_liked_by"": {""count"": 0}, ""viewer_has_liked"": false, ""did_report_as_spam"": false, ""is_restricted_pending"": false}",72300501251,
12,17874836490379420,ce215317-33bc-41db-a7bd-915472d37bbc,Karawang prideee,DMFpII8hiI_,2025-07-18 03:07:58.001,2025-07-18 03:07:58.001,"{""id"": ""17874836490379420"", ""text"": ""Karawang prideee"", ""owner"": {""id"": ""9226881858"", ""username"": ""aldihrmwn30"", ""is_verified"": false, ""profile_pic_url"": ""https://instagram.fipn1-1.fna.fbcdn.net/v/t51.2885-19/482921592_1102934444851759_7039169751981639185_n.jpg?stp=dst-jpg_s150x150_tt6&_nc_ht=instagram.fipn1-1.fna.fbcdn.net&_nc_cat=107&_nc_oc=Q6cZ2QGJ_6YK3_iVoAemf28uqgRHL3X93erdNDqjMRoBunmrMCzgwSKqNym1Q__iH2pmQ_E&_nc_ohc=Y-aC2ctq-7AQ7kNvwEWpaWe&_nc_gid=WwZWl3W-afb4o2dLy4_J6w&edm=APs17CUBAAAA&ccb=7-5&oh=00_AfSAmhORra6PdLC25T2oEQDzQZdEQ4U1ONmet5VzIOoKmw&oe=687F9A60&_nc_sid=10d13b""}, ""created_at"": 1752663329, ""edge_liked_by"": {""count"": 0}, ""viewer_has_liked"": false, ""did_report_as_spam"": false, ""is_restricted_pending"": false}",9226881858,
13,18066515633140601,093ed178-ce82-473c-97e2-82b02f6cf6ad,Ngeri juga,DMFpII8hiI_,2025-07-18 03:07:58.030,2025-07-18 03:07:58.030,"{""id"": ""18066515633140601"", ""text"": ""Ngeri juga"", ""owner"": {""id"": ""2945917317"", ""username"": ""dominics_ohoira333"", ""is_verified"": false, ""profile_pic_url"": ""https://instagram.fipn1-1.fna.fbcdn.net/v/t51.2885-19/469909862_9202548136446690_1792769963070350708_n.jpg?stp=dst-jpg_s150x150_tt6&_nc_ht=instagram.fipn1-1.fna.fbcdn.net&_nc_cat=106&_nc_oc=Q6cZ2QGJ_6YK3_iVoAemf28uqgRHL3X93erdNDqjMRoBunmrMCzgwSKqNym1Q__iH2pmQ_E&_nc_ohc=Zm0tk7jrRuIQ7kNvwEgkqgs&_nc_gid=WwZWl3W-afb4o2dLy4_J6w&edm=APs17CUBAAAA&ccb=7-5&oh=00_AfSdI3miFPwy1gczl6XvkfDcif1sb2-pv0XA_cvGF-4xdQ&oe=687F9DE9&_nc_sid=10d13b""}, ""created_at"": 1752703968, ""edge_liked_by"": {""count"": 0}, ""viewer_has_liked"": false, ""did_report_as_spam"": false, ""is_restricted_pending"": false}",2945917317,
14,18091541872644083,ea02981f-7f65-4c7f-8ade-11780f3a1f29,Mantap org karawang yeuh,DMFpII8hiI_,2025-07-18 03:07:58.065,2025-07-18 03:07:58.065,"{""id"": ""18091541872644083"", ""text"": ""Mantap org karawang yeuh"", ""owner"": {""id"": ""72492462537"", ""username"": ""r._mubarok"", ""is_verified"": false, ""profile_pic_url"": ""https://instagram.fipn1-1.fna.fbcdn.net/v/t51.2885-19/497260915_17857795239422538_1931902211033081972_n.jpg?stp=dst-jpg_s150x150_tt6&_nc_ht=instagram.fipn1-1.fna.fbcdn.net&_nc_cat=106&_nc_oc=Q6cZ2QGJ_6YK3_iVoAemf28uqgRHL3X93erdNDqjMRoBunmrMCzgwSKqNym1Q__iH2pmQ_E&_nc_ohc=dY1b69LjtFQQ7kNvwFfm66m&_nc_gid=WwZWl3W-afb4o2dLy4_J6w&edm=APs17CUBAAAA&ccb=7-5&oh=00_AfTBlg0Y38nr-6wGud55yJ8y4tX0x1PQ7tbO80tuhEULow&oe=687F7D55&_nc_sid=10d13b""}, ""created_at"": 1752716393, ""edge_liked_by"": {""count"": 0}, ""viewer_has_liked"": false, ""did_report_as_spam"": false, ""is_restricted_pending"": false}",72492462537,
15,18083852746633231,340ac274-89cc-4aba-a956-83cafeda248a,AYDK,DMFpII8hiI_,2025-07-18 03:07:58.097,2025-07-18 03:07:58.097,"{""id"": ""18083852746633231"", ""text"": ""AYDK"", ""owner"": {""id"": ""7315676333"", ""username"": ""lihlihun"", ""is_verified"": false, ""profile_pic_url"": ""https://instagram.fipn1-1.fna.fbcdn.net/v/t51.2885-19/502082681_18303189187244334_1366173011699673752_n.jpg?stp=dst-jpg_s150x150_tt6&_nc_ht=instagram.fipn1-1.fna.fbcdn.net&_nc_cat=106&_nc_oc=Q6cZ2QGJ_6YK3_iVoAemf28uqgRHL3X93erdNDqjMRoBunmrMCzgwSKqNym1Q__iH2pmQ_E&_nc_ohc=pqfRL6fJlBIQ7kNvwGmD_PO&_nc_gid=WwZWl3W-afb4o2dLy4_J6w&edm=APs17CUBAAAA&ccb=7-5&oh=00_AfTb_jcRc1DY00rtO5_kuchKl-Q5lXu6VhEmiC9RR7veiA&oe=687F74A2&_nc_sid=10d13b""}, ""created_at"": 1752718232, ""edge_liked_by"": {""count"": 0}, ""viewer_has_liked"": false, ""did_report_as_spam"": false, ""is_restricted_pending"": false}",7315676333,
16,18087229765750771,f0afc287-6eaa-4e0c-8d38-670ef89dd150,üíôüíôüíôüíôüíôüíôüíôüíôüíôüíôüíôüíôüíôüíô,DMFpII8hiI_,2025-07-18 03:07:58.126,2025-07-18 03:07:58.126,"{""id"": ""18087229765750771"", ""text"": ""üíôüíôüíôüíôüíôüíôüíôüíôüíôüíôüíôüíôüíôüíô"", ""owner"": {""id"": ""28156979147"", ""username"": ""edysupeno1982"", ""is_verified"": false, ""profile_pic_url"": ""https://instagram.fipn1-1.fna.fbcdn.net/v/t51.2885-19/519276906_18075928831939148_9080465992234606817_n.jpg?stp=dst-jpg_s150x150_tt6&_nc_ht=instagram.fipn1-1.fna.fbcdn.net&_nc_cat=108&_nc_oc=Q6cZ2QGJ_6YK3_iVoAemf28uqgRHL3X93erdNDqjMRoBunmrMCzgwSKqNym1Q__iH2pmQ_E&_nc_ohc=GVKtAwuUs8wQ7kNvwHsLzNV&_nc_gid=WwZWl3W-afb4o2dLy4_J6w&edm=APs17CUBAAAA&ccb=7-5&oh=00_AfS_zsqhKBAOeu6GvG2z7eKY1wPqwuC_3UInO9j0VUNEkA&oe=687F98CE&_nc_sid=10d13b""}, ""created_at"": 1752722391, ""edge_liked_by"": {""count"": 0}, ""viewer_has_liked"": false, ""did_report_as_spam"": false, ""is_restricted_pending"": false}",28156979147,
17,17982896150841862,038124a9-78f2-4e16-b478-5939f8aed657,Good luck bang @cahya50supriadiii,DMFpII8hiI_,2025-07-18 03:07:58.147,2025-07-18 03:07:58.147,"{""id"": ""17982896150841862"", ""text"": ""Good luck bang @cahya50supriadiii"", ""owner"": {""id"": ""27406424725"", ""username"": ""nyongjakmania28"", ""is_verified"": false, ""profile_pic_url"": ""https://instagram.fipn1-1.fna.fbcdn.net/v/t51.2885-19/502598513_18075274189912726_5092768271649101601_n.jpg?stp=dst-jpg_s150x150_tt6&_nc_ht=instagram.fipn1-1.fna.fbcdn.net&_nc_cat=110&_nc_oc=Q6cZ2QGJ_6YK3_iVoAemf28uqgRHL3X93erdNDqjMRoBunmrMCzgwSKqNym1Q__iH2pmQ_E&_nc_ohc=0c_RG_yUIcwQ7kNvwFtZKDe&_nc_gid=WwZWl3W-afb4o2dLy4_J6w&edm=APs17CUBAAAA&ccb=7-5&oh=00_AfSCbOizlM3UtueEOWH0A4rQ-QFWOCJ10zmseg1LpEO1cw&oe=687F8BD6&_nc_sid=10d13b""}, ""created_at"": 1752727107, ""edge_liked_by"": {""count"": 0}, ""viewer_has_liked"": false, ""did_report_as_spam"": false, ""is_restricted_pending"": false}",27406424725,
18,17900346453238944,a1fbc355-9a8d-4f19-a364-958e6e8bd50b,Dari JAKARTA to JOGJAKARTA üëè,DMFpII8hiI_,2025-07-18 03:07:58.174,2025-07-18 03:07:58.174,"{""id"": ""17900346453238944"", ""text"": ""Dari JAKARTA to JOGJAKARTA üëè"", ""owner"": {""id"": ""66463746772"", ""username"": ""jakartafootball28_"", ""is_verified"": false, ""profile_pic_url"": ""https://instagram.fipn1-1.fna.fbcdn.net/v/t51.2885-19/514203167_17901741186210773_4194301605957300711_n.jpg?stp=dst-jpg_s150x150_tt6&_nc_ht=instagram.fipn1-1.fna.fbcdn.net&_nc_cat=105&_nc_oc=Q6cZ2QGJ_6YK3_iVoAemf28uqgRHL3X93erdNDqjMRoBunmrMCzgwSKqNym1Q__iH2pmQ_E&_nc_ohc=V6rlsfklXEcQ7kNvwH2DIfT&_nc_gid=WwZWl3W-afb4o2dLy4_J6w&edm=APs17CUBAAAA&ccb=7-5&oh=00_AfRsOCY4J_KYacXiIF7PkB35hxKtou77kLlwovzUcxtJhQ&oe=687F9939&_nc_sid=10d13b""}, ""created_at"": 1752736032, ""edge_liked_by"": {""count"": 0}, ""viewer_has_liked"": false, ""did_report_as_spam"": false, ""is_restricted_pending"": false}",66463746772,
19,17964378968795203,342fbc60-8fa4-4cd8-966e-6b92abdf1b43,Mantap ABGku,DMFpII8hiI_,2025-07-18 03:07:58.206,2025-07-18 03:07:58.206,"{""id"": ""17964378968795203"", ""text"": ""Mantap ABGku"", ""owner"": {""id"": ""53860301147"", ""username"": ""indobarca__cikampek"", ""is_verified"": false, ""profile_pic_url"": ""https://instagram.fipn1-1.fna.fbcdn.net/v/t51.2885-19/317489346_473818098074064_4089667141081227357_n.jpg?stp=dst-jpg_s150x150_tt6&_nc_ht=instagram.fipn1-1.fna.fbcdn.net&_nc_cat=100&_nc_oc=Q6cZ2QGJ_6YK3_iVoAemf28uqgRHL3X93erdNDqjMRoBunmrMCzgwSKqNym1Q__iH2pmQ_E&_nc_ohc=PLP950HAP34Q7kNvwHvB4xz&_nc_gid=WwZWl3W-afb4o2dLy4_J6w&edm=APs17CUBAAAA&ccb=7-5&oh=00_AfSsVR_VnxM8DuVG3-Q3McRycvJW445tgBsW6mr5zMjimQ&oe=687F7EC4&_nc_sid=10d13b""}, ""created_at"": 1752757776, ""edge_liked_by"": {""count"": 0}, ""viewer_has_liked"": false, ""did_report_as_spam"": false, ""is_restricted_pending"": false}",53860301147,
20,18070251671082268,8f571826-4824-49b6-9dde-e96cc0cdd24f,psim bersejarah mengiringi persija üß°üíô,DMFpII8hiI_,2025-07-18 03:07:58.232,2025-07-18 03:07:58.232,"{""id"": ""18070251671082268"", ""text"": ""psim bersejarah mengiringi persija üß°üíô"", ""owner"": {""id"": ""75919355736"", ""username"": ""firlyachmad_12"", ""is_verified"": false, ""profile_pic_url"": ""https://instagram.fipn1-1.fna.fbcdn.net/v/t51.2885-19/519994661_17845208475531737_8412083078083756871_n.jpg?stp=dst-jpg_s150x150_tt6&_nc_ht=instagram.fipn1-1.fna.fbcdn.net&_nc_cat=105&_nc_oc=Q6cZ2QGJ_6YK3_iVoAemf28uqgRHL3X93erdNDqjMRoBunmrMCzgwSKqNym1Q__iH2pmQ_E&_nc_ohc=VASJSDzZq28Q7kNvwHRLXj_&_nc_gid=WwZWl3W-afb4o2dLy4_J6w&edm=APs17CUBAAAA&ccb=7-5&oh=00_AfTpOXEWrAR7mwmPfBOdaWPgerJOZ6Hx3tIeOCfIKtV3Pg&oe=687F83B3&_nc_sid=10d13b""}, ""created_at"": 1752758698, ""edge_liked_by"": {""count"": 0}, ""viewer_has_liked"": false, ""did_report_as_spam"": false, ""is_restricted_pending"": false}",75919355736,
21,18091699786731897,43cf9649-24ac-4470-ba45-e02209a2777a,"Semangat Pagi , Sugeng tugas Bpk Komandan Jayeng , Sugeng ngayahi tugas Mugi tansah pinaringan kelancaran , kesehatan , keberkahan...üëçüí™üî•‚ù§Ô∏èüôèüèª",DMePR2JyUjQ,2025-07-24 08:45:27.057,2025-07-24 08:45:27.057,"{""id"": ""18091699786731897"", ""text"": ""Semangat Pagi , Sugeng tugas Bpk Komandan Jayeng , Sugeng ngayahi tugas Mugi tansah pinaringan kelancaran , kesehatan , keberkahan...üëçüí™üî•‚ù§Ô∏èüôèüèª"", ""owner"": {""id"": ""47590697712"", ""username"": ""su.priyanto591"", ""is_verified"": false, ""profile_pic_url"": ""https://scontent-man2-1.cdninstagram.com/v/t51.2885-19/500530416_18051427928585713_2720718535420134711_n.jpg?stp=dst-jpg_s150x150_tt6&efg=eyJ2ZW5jb2RlX3RhZyI6InByb2ZpbGVfcGljLmRqYW5nby4xMDgwLmV4cGVyaW1lbnRhbCJ9&_nc_ht=scontent-man2-1.cdninstagram.com&_nc_cat=101&_nc_oc=Q6cZ2QH00WVCQ12zickeslhxGf5RX6RYVwudTe_K__CTKxp-yV0OAntaGv1gqmNgRdY4Kt0&_nc_ohc=4avTK8PIF6kQ7kNvwH5KNrh&_nc_gid=PoQafpOiTBNcAKacKwdi9w&edm=APs17CUBAAAA&ccb=7-5&oh=00_AfSmzxTXv6Yh6G4BTy8v05Ms4dIRuJrbJWr3Gu97ebg3iQ&oe=6887ACF2&_nc_sid=10d13b""}, ""created_at"": 1753323516, ""edge_liked_by"": {""count"": 3}, ""viewer_has_liked"": false, ""did_report_as_spam"": false, ""is_restricted_pending"": false}",47590697712,0
22,17969816213916686,916efd30-45bf-4dd2-8d76-f5938f95563c,Bangjo taman sari..ke arah bangjo bugisan pak..yg dr timur blong ke kiri/ngidul kerep bgt pak..sm dr kidul ngalor do ngeblong pak Jayeng,DMePR2JyUjQ,2025-07-24 08:45:27.088,2025-07-24 08:45:27.088,"{""id"": ""17969816213916686"", ""text"": ""Bangjo taman sari..ke arah bangjo bugisan pak..yg dr timur blong ke kiri/ngidul kerep bgt pak..sm dr kidul ngalor do ngeblong pak Jayeng"", ""owner"": {""id"": ""2326653099"", ""username"": ""hunn_garage46"", ""is_verified"": false, ""profile_pic_url"": ""https://scontent-man2-1.cdninstagram.com/v/t51.2885-19/303878436_896268561357694_2838592775903473915_n.jpg?stp=dst-jpg_s150x150_tt6&efg=eyJ2ZW5jb2RlX3RhZyI6InByb2ZpbGVfcGljLmRqYW5nby4xMDgwLmV4cGVyaW1lbnRhbCJ9&_nc_ht=scontent-man2-1.cdninstagram.com&_nc_cat=110&_nc_oc=Q6cZ2QH00WVCQ12zickeslhxGf5RX6RYVwudTe_K__CTKxp-yV0OAntaGv1gqmNgRdY4Kt0&_nc_ohc=bYyPKMJ5i1cQ7kNvwG1AC2y&_nc_gid=PoQafpOiTBNcAKacKwdi9w&edm=APs17CUBAAAA&ccb=7-5&oh=00_AfTYhGbpm54Rryf5OPcweGwbFhhURkcprrag1gvpyY3Smw&oe=6887AFAD&_nc_sid=10d13b""}, ""created_at"": 1753323877, ""edge_liked_by"": {""count"": 1}, ""viewer_has_liked"": false, ""did_report_as_spam"": false, ""is_restricted_pending"": false}",2326653099,0
23,18066478891919906,5d9a0e52-786a-48f6-8750-5fe25e686ac2,Holder hp boleh gak di spion..,DMePR2JyUjQ,2025-07-24 08:45:27.109,2025-07-24 08:45:27.109,"{""id"": ""18066478891919906"", ""text"": ""Holder hp boleh gak di spion.."", ""owner"": {""id"": ""25108919749"", ""username"": ""priyo_lazio"", ""is_verified"": false, ""profile_pic_url"": ""https://scontent-man2-1.cdninstagram.com/v/t51.2885-19/387766089_262145793482151_1795927473522673376_n.jpg?stp=dst-jpg_s150x150_tt6&efg=eyJ2ZW5jb2RlX3RhZyI6InByb2ZpbGVfcGljLmRqYW5nby43MTkuZXhwZXJpbWVudGFsIn0&_nc_ht=scontent-man2-1.cdninstagram.com&_nc_cat=103&_nc_oc=Q6cZ2QH00WVCQ12zickeslhxGf5RX6RYVwudTe_K__CTKxp-yV0OAntaGv1gqmNgRdY4Kt0&_nc_ohc=WdhAZEMwkfQQ7kNvwEFCo-Q&_nc_gid=PoQafpOiTBNcAKacKwdi9w&edm=APs17CUBAAAA&ccb=7-5&oh=00_AfRzUL-rZl9sqiI9QpcMdiNeEnDh1VqDa6a0Z6y-8Fsq7Q&oe=6887C310&_nc_sid=10d13b""}, ""created_at"": 1753324288, ""edge_liked_by"": {""count"": 1}, ""viewer_has_liked"": false, ""did_report_as_spam"": false, ""is_restricted_pending"": false}",25108919749,0
24,18409091713110165,cc47cf98-5c36-4444-afcf-394ca51bf083,Sehat selalu pak @jayeng_harjasa ü´°,DMePR2JyUjQ,2025-07-24 08:45:27.148,2025-07-24 08:45:27.148,"{""id"": ""18409091713110165"", ""text"": ""Sehat selalu pak @jayeng_harjasa ü´°"", ""owner"": {""id"": ""9365696470"", ""username"": ""denarochelsea"", ""is_verified"": false, ""profile_pic_url"": ""https://scontent-man2-1.cdninstagram.com/v/t51.2885-19/369935622_831836681645165_2267121756043582094_n.jpg?stp=dst-jpg_s150x150_tt6&efg=eyJ2ZW5jb2RlX3RhZyI6InByb2ZpbGVfcGljLmRqYW5nby4xMDgwLmV4cGVyaW1lbnRhbCJ9&_nc_ht=scontent-man2-1.cdninstagram.com&_nc_cat=105&_nc_oc=Q6cZ2QH00WVCQ12zickeslhxGf5RX6RYVwudTe_K__CTKxp-yV0OAntaGv1gqmNgRdY4Kt0&_nc_ohc=LUbtIxpgBi0Q7kNvwF_fqRg&_nc_gid=PoQafpOiTBNcAKacKwdi9w&edm=APs17CUBAAAA&ccb=7-5&oh=00_AfRmZhXpJPuKpHdH4s6veE1nBRQ2MUZ2f6cilGNRgDKiiA&oe=6887D130&_nc_sid=10d13b""}, ""created_at"": 1753324877, ""edge_liked_by"": {""count"": 1}, ""viewer_has_liked"": false, ""did_report_as_spam"": false, ""is_restricted_pending"": false}",9365696470,0
25,18080771557853515,9ebac36e-739f-474d-a994-09471625e596,"Dijalan banyak pelanggaran dan pak polisi gag setiap saat ada dilapangan , saran saya mending buka laporan online ntah itu dari DM atau tag postingan pelanggaran rekaman dari pengguna jalan .yang terganggu dengan pelanggar yang membahayakan pengguna jalan lain seperti knalpot racing, lampu stop berwarna putih atau selain merah , merokok sambil berkendara , dapet rekaman pelanggaran langsung proses kirim surat cinta itu juga lebih efektif menekan pelanggaran berkendara karna kebanyakan masyarakat lebih takut kalo ada Cegatan,, kalo gag ada Cegatan ya semaunya",DMePR2JyUjQ,2025-07-24 08:45:27.170,2025-07-24 08:45:27.170,"{""id"": ""18080771557853515"", ""text"": ""Dijalan banyak pelanggaran dan pak polisi gag setiap saat ada dilapangan , saran saya mending buka laporan online ntah itu dari DM atau tag postingan pelanggaran rekaman dari pengguna jalan .yang terganggu dengan pelanggar yang membahayakan pengguna jalan lain seperti knalpot racing, lampu stop berwarna putih atau selain merah , merokok sambil berkendara , dapet rekaman pelanggaran langsung proses kirim surat cinta itu juga lebih efektif menekan pelanggaran berkendara karna kebanyakan masyarakat lebih takut kalo ada Cegatan,, kalo gag ada Cegatan ya semaunya"", ""owner"": {""id"": ""1911837925"", ""username"": ""ardani_0013"", ""is_verified"": false, ""profile_pic_url"": ""https://scontent-man2-1.cdninstagram.com/v/t51.2885-19/464293592_907351994192664_2754983431071162397_n.jpg?stp=dst-jpg_s150x150_tt6&efg=eyJ2ZW5jb2RlX3RhZyI6InByb2ZpbGVfcGljLmRqYW5nby4xMDgwLmV4cGVyaW1lbnRhbCJ9&_nc_ht=scontent-man2-1.cdninstagram.com&_nc_cat=100&_nc_oc=Q6cZ2QH00WVCQ12zickeslhxGf5RX6RYVwudTe_K__CTKxp-yV0OAntaGv1gqmNgRdY4Kt0&_nc_ohc=2YYYkpku9lgQ7kNvwFugqWq&_nc_gid=PoQafpOiTBNcAKacKwdi9w&edm=APs17CUBAAAA&ccb=7-5&oh=00_AfRCzrmWFy_Eb6WD0XOWUvr5q72xKRptXWBifUxc9ojncA&oe=6887B1D5&_nc_sid=10d13b""}, ""created_at"": 1753326195, ""edge_liked_by"": {""count"": 3}, ""viewer_has_liked"": false, ""did_report_as_spam"": false, ""is_restricted_pending"": false}",1911837925,0
26,18115826341495547,fb781fc8-d893-4592-9608-f631b8d781b7,"Selamat hp gag dipegang harusnya gpp kalo kebutuhan navigasi,  soalnya mobil juga sekarang dilengkapi GPS ,yang gag boleh hp yang dipegang tangan",DMePR2JyUjQ,2025-07-24 08:45:27.200,2025-07-24 08:45:27.200,"{""id"": ""18115826341495547"", ""text"": ""Selamat hp gag dipegang harusnya gpp kalo kebutuhan navigasi,  soalnya mobil juga sekarang dilengkapi GPS ,yang gag boleh hp yang dipegang tangan"", ""owner"": {""id"": ""1911837925"", ""username"": ""ardani_0013"", ""is_verified"": false, ""profile_pic_url"": ""https://scontent-man2-1.cdninstagram.com/v/t51.2885-19/464293592_907351994192664_2754983431071162397_n.jpg?stp=dst-jpg_s150x150_tt6&efg=eyJ2ZW5jb2RlX3RhZyI6InByb2ZpbGVfcGljLmRqYW5nby4xMDgwLmV4cGVyaW1lbnRhbCJ9&_nc_ht=scontent-man2-1.cdninstagram.com&_nc_cat=100&_nc_oc=Q6cZ2QH00WVCQ12zickeslhxGf5RX6RYVwudTe_K__CTKxp-yV0OAntaGv1gqmNgRdY4Kt0&_nc_ohc=2YYYkpku9lgQ7kNvwFugqWq&_nc_gid=PoQafpOiTBNcAKacKwdi9w&edm=APs17CUBAAAA&ccb=7-5&oh=00_AfRCzrmWFy_Eb6WD0XOWUvr5q72xKRptXWBifUxc9ojncA&oe=6887B1D5&_nc_sid=10d13b""}, ""created_at"": 1753326294, ""edge_liked_by"": {""count"": 1}, ""viewer_has_liked"": false, ""did_report_as_spam"": false, ""is_restricted_pending"": false}",1911837925,0
27,18033059780475650,88fe829b-edb4-440e-9414-d78ecc4ada5e,muka muka polisi baik soalnya kurus,DMePR2JyUjQ,2025-07-24 08:45:27.233,2025-07-24 08:45:27.233,"{""id"": ""18033059780475650"", ""text"": ""muka muka polisi baik soalnya kurus"", ""owner"": {""id"": ""1478428277"", ""username"": ""baywija"", ""is_verified"": false, ""profile_pic_url"": ""https://scontent-man2-1.cdninstagram.com/v/t51.2885-19/470898004_1093097632361555_5988998366128951087_n.jpg?stp=dst-jpg_s150x150_tt6&efg=eyJ2ZW5jb2RlX3RhZyI6InByb2ZpbGVfcGljLmRqYW5nby4xMDgwLmV4cGVyaW1lbnRhbCJ9&_nc_ht=scontent-man2-1.cdninstagram.com&_nc_cat=111&_nc_oc=Q6cZ2QH00WVCQ12zickeslhxGf5RX6RYVwudTe_K__CTKxp-yV0OAntaGv1gqmNgRdY4Kt0&_nc_ohc=x-44K52_uRYQ7kNvwE7XIV1&_nc_gid=PoQafpOiTBNcAKacKwdi9w&edm=APs17CUBAAAA&ccb=7-5&oh=00_AfSCNWtbBJwqXTehmes20SdN_PRGscABpa56zs5-UsvRkw&oe=6887B6DA&_nc_sid=10d13b""}, ""created_at"": 1753326365, ""edge_liked_by"": {""count"": 0}, ""viewer_has_liked"": false, ""did_report_as_spam"": false, ""is_restricted_pending"": false}",1478428277,0
28,18061664027237801,66c84f65-b765-44a6-891c-3e02b577c319,üôåüôåüôå,DMePR2JyUjQ,2025-07-24 08:45:27.275,2025-07-24 08:45:27.275,"{""id"": ""18061664027237801"", ""text"": ""üôåüôåüôå"", ""owner"": {""id"": ""67116990189"", ""username"": ""kamara_seserahan"", ""is_verified"": false, ""profile_pic_url"": ""https://scontent-man2-1.cdninstagram.com/v/t51.2885-19/488864835_1627859187866433_2093936216223570954_n.jpg?stp=dst-jpg_s150x150_tt6&efg=eyJ2ZW5jb2RlX3RhZyI6InByb2ZpbGVfcGljLmRqYW5nby4xMDgwLmV4cGVyaW1lbnRhbCJ9&_nc_ht=scontent-man2-1.cdninstagram.com&_nc_cat=109&_nc_oc=Q6cZ2QH00WVCQ12zickeslhxGf5RX6RYVwudTe_K__CTKxp-yV0OAntaGv1gqmNgRdY4Kt0&_nc_ohc=W_QOVTbgKiUQ7kNvwG9fFYk&_nc_gid=PoQafpOiTBNcAKacKwdi9w&edm=APs17CUBAAAA&ccb=7-5&oh=00_AfRmF4vYLtAO1KqtKIqBzsRvuNiKrMsSbL6aMhbAvxwKxQ&oe=6887BF41&_nc_sid=10d13b""}, ""created_at"": 1753327185, ""edge_liked_by"": {""count"": 1}, ""viewer_has_liked"": false, ""did_report_as_spam"": false, ""is_restricted_pending"": false}",67116990189,0
29,18072415115057667,2f31d591-ecc7-42df-8121-05626340fa23,Pak dibantu kui premanisme jogja wes mulai merajalela paküò¢üò¢üò¢,DMePR2JyUjQ,2025-07-24 08:45:27.305,2025-07-24 08:45:27.305,"{""id"": ""18072415115057667"", ""text"": ""Pak dibantu kui premanisme jogja wes mulai merajalela paküò¢üò¢üò¢"", ""owner"": {""id"": ""3642103158"", ""username"": ""masyaallah019"", ""is_verified"": false, ""profile_pic_url"": ""https://scontent-man2-1.cdninstagram.com/v/t51.2885-19/312585168_509860014373824_3345711718771649600_n.jpg?stp=dst-jpg_s150x150_tt6&efg=eyJ2ZW5jb2RlX3RhZyI6InByb2ZpbGVfcGljLmRqYW5nby45NjAuZXhwZXJpbWVudGFsIn0&_nc_ht=scontent-man2-1.cdninstagram.com&_nc_cat=100&_nc_oc=Q6cZ2QH00WVCQ12zickeslhxGf5RX6RYVwudTe_K__CTKxp-yV0OAntaGv1gqmNgRdY4Kt0&_nc_ohc=mrQ8NDFiCsYQ7kNvwHPIVNc&_nc_gid=PoQafpOiTBNcAKacKwdi9w&edm=APs17CUBAAAA&ccb=7-5&oh=00_AfRS97dzSNZbz0Jevmh4gMlbowFdkMp8QFCtWMG0_WswoA&oe=6887B659&_nc_sid=10d13b""}, ""created_at"": 1753330111, ""edge_liked_by"": {""count"": 2}, ""viewer_has_liked"": false, ""did_report_as_spam"": false, ""is_restricted_pending"": false}",3642103158,0
30,18101021554569269,35f725fe-1d5e-4fcb-8ba0-a6f21e19f97d,Masukkan pak. Itu perempatan arah RS ludiro kalo pagi jam sekolah  di kasih polantas pak... jam¬≤ segitu macet dan gak ada yg mau ngalah...,DMePR2JyUjQ,2025-07-24 08:45:27.348,2025-07-24 08:45:27.348,"{""id"": ""18101021554569269"", ""text"": ""Masukkan pak. Itu perempatan arah RS ludiro kalo pagi jam sekolah  di kasih polantas pak... jam¬≤ segitu macet dan gak ada yg mau ngalah..."", ""owner"": {""id"": ""45720685332"", ""username"": ""uska1741"", ""is_verified"": false, ""profile_pic_url"": ""https://scontent-man2-1.cdninstagram.com/v/t51.2885-19/518824977_18056728691525333_2569498945132538989_n.jpg?stp=dst-jpg_s150x150_tt6&efg=eyJ2ZW5jb2RlX3RhZyI6InByb2ZpbGVfcGljLmRqYW5nby4xMDgwLmV4cGVyaW1lbnRhbCJ9&_nc_ht=scontent-man2-1.cdninstagram.com&_nc_cat=105&_nc_oc=Q6cZ2QH00WVCQ12zickeslhxGf5RX6RYVwudTe_K__CTKxp-yV0OAntaGv1gqmNgRdY4Kt0&_nc_ohc=tFtlGNI4UKAQ7kNvwEeixk5&_nc_gid=PoQafpOiTBNcAKacKwdi9w&edm=APs17CUBAAAA&ccb=7-5&oh=00_AfTzF-lqzXo9z2N9Gl3u6eVuInPnBTf4FKHnJBGg6eINbw&oe=6887AA13&_nc_sid=10d13b""}, ""created_at"": 1753332330, ""edge_liked_by"": {""count"": 1}, ""viewer_has_liked"": false, ""did_report_as_spam"": false, ""is_restricted_pending"": false}",45720685332,0
31,17851587039503948,0480b441-56a4-4be1-aa34-5948bb7ee0f7,"@su.priyanto591 semoga bisa menggugah ibu bpk dan saudara semua apa arti keselamatan berkendara,disiplin dijalan raya mutlak diperlukan üëèüëè",DMePR2JyUjQ,2025-07-24 08:45:27.381,2025-07-24 08:45:27.381,"{""id"": ""17851587039503948"", ""text"": ""@su.priyanto591 semoga bisa menggugah ibu bpk dan saudara semua apa arti keselamatan berkendara,disiplin dijalan raya mutlak diperlukan üëèüëè"", ""owner"": {""id"": ""58150212085"", ""username"": ""jayeng_harjasa"", ""is_verified"": false, ""profile_pic_url"": ""https://scontent-man2-1.cdninstagram.com/v/t51.2885-19/348729208_925820165364378_693746445360679657_n.jpg?stp=dst-jpg_s150x150_tt6&efg=eyJ2ZW5jb2RlX3RhZyI6InByb2ZpbGVfcGljLmRqYW5nby4xMDgwLmV4cGVyaW1lbnRhbCJ9&_nc_ht=scontent-man2-1.cdninstagram.com&_nc_cat=106&_nc_oc=Q6cZ2QH00WVCQ12zickeslhxGf5RX6RYVwudTe_K__CTKxp-yV0OAntaGv1gqmNgRdY4Kt0&_nc_ohc=cBspy72CVkYQ7kNvwFvDnyb&_nc_gid=PoQafpOiTBNcAKacKwdi9w&edm=APs17CUBAAAA&ccb=7-5&oh=00_AfRtREB5Na_-vN1bPpr1Iod-oB_47jzEOlltfS9p7R_5JQ&oe=6887B8B9&_nc_sid=10d13b""}, ""created_at"": 1753332801, ""edge_liked_by"": {""count"": 1}, ""viewer_has_liked"": false, ""did_report_as_spam"": false, ""is_restricted_pending"": false}",58150212085,0
32,18091562344643565,036eb6f5-484b-476a-9912-9a6a9fcdd0f2,"@hunn_garage46 tanpa helm mengantar sekolah putra putrinya dan terburu¬≤diperjalanan,itu yang kami dapatkan",DMePR2JyUjQ,2025-07-24 08:45:27.414,2025-07-24 08:45:27.414,"{""id"": ""18091562344643565"", ""text"": ""@hunn_garage46 tanpa helm mengantar sekolah putra putrinya dan terburu¬≤diperjalanan,itu yang kami dapatkan"", ""owner"": {""id"": ""58150212085"", ""username"": ""jayeng_harjasa"", ""is_verified"": false, ""profile_pic_url"": ""https://scontent-man2-1.cdninstagram.com/v/t51.2885-19/348729208_925820165364378_693746445360679657_n.jpg?stp=dst-jpg_s150x150_tt6&efg=eyJ2ZW5jb2RlX3RhZyI6InByb2ZpbGVfcGljLmRqYW5nby4xMDgwLmV4cGVyaW1lbnRhbCJ9&_nc_ht=scontent-man2-1.cdninstagram.com&_nc_cat=106&_nc_oc=Q6cZ2QH00WVCQ12zickeslhxGf5RX6RYVwudTe_K__CTKxp-yV0OAntaGv1gqmNgRdY4Kt0&_nc_ohc=cBspy72CVkYQ7kNvwFvDnyb&_nc_gid=PoQafpOiTBNcAKacKwdi9w&edm=APs17CUBAAAA&ccb=7-5&oh=00_AfRtREB5Na_-vN1bPpr1Iod-oB_47jzEOlltfS9p7R_5JQ&oe=6887B8B9&_nc_sid=10d13b""}, ""created_at"": 1753332876, ""edge_liked_by"": {""count"": 1}, ""viewer_has_liked"": false, ""did_report_as_spam"": false, ""is_restricted_pending"": false}",58150212085,0
33,17894644443266879,bb0bf8a1-cefd-49c9-b20b-a893a12aaa37,"@denarochelsea dukung kami njih,kami masih prihatin masih banyak yang tanoa helm mengantar putra putrinya",DMePR2JyUjQ,2025-07-24 08:45:27.434,2025-07-24 08:45:27.434,"{""id"": ""17894644443266879"", ""text"": ""@denarochelsea dukung kami njih,kami masih prihatin masih banyak yang tanoa helm mengantar putra putrinya"", ""owner"": {""id"": ""58150212085"", ""username"": ""jayeng_harjasa"", ""is_verified"": false, ""profile_pic_url"": ""https://scontent-man2-1.cdninstagram.com/v/t51.2885-19/348729208_925820165364378_693746445360679657_n.jpg?stp=dst-jpg_s150x150_tt6&efg=eyJ2ZW5jb2RlX3RhZyI6InByb2ZpbGVfcGljLmRqYW5nby4xMDgwLmV4cGVyaW1lbnRhbCJ9&_nc_ht=scontent-man2-1.cdninstagram.com&_nc_cat=106&_nc_oc=Q6cZ2QH00WVCQ12zickeslhxGf5RX6RYVwudTe_K__CTKxp-yV0OAntaGv1gqmNgRdY4Kt0&_nc_ohc=cBspy72CVkYQ7kNvwFvDnyb&_nc_gid=PoQafpOiTBNcAKacKwdi9w&edm=APs17CUBAAAA&ccb=7-5&oh=00_AfRtREB5Na_-vN1bPpr1Iod-oB_47jzEOlltfS9p7R_5JQ&oe=6887B8B9&_nc_sid=10d13b""}, ""created_at"": 1753332963, ""edge_liked_by"": {""count"": 1}, ""viewer_has_liked"": false, ""did_report_as_spam"": false, ""is_restricted_pending"": false}",58150212085,0
34,18073516502482638,7bf024a3-c33f-4642-9df7-c310a688b8ed,Siap Pak @jayeng_harjasa selamat bertugas dan sehat selalu üî•üî•üî•,DMePR2JyUjQ,2025-07-24 08:45:27.467,2025-07-24 08:45:27.467,"{""id"": ""18073516502482638"", ""text"": ""Siap Pak @jayeng_harjasa selamat bertugas dan sehat selalu üî•üî•üî•"", ""owner"": {""id"": ""68266808762"", ""username"": ""warga_ins"", ""is_verified"": false, ""profile_pic_url"": ""https://scontent-man2-1.cdninstagram.com/v/t51.2885-19/453782340_349780168226039_4904243639785175721_n.jpg?stp=dst-jpg_s150x150_tt6&efg=eyJ2ZW5jb2RlX3RhZyI6InByb2ZpbGVfcGljLmRqYW5nby44ODYuZXhwZXJpbWVudGFsIn0&_nc_ht=scontent-man2-1.cdninstagram.com&_nc_cat=111&_nc_oc=Q6cZ2QH00WVCQ12zickeslhxGf5RX6RYVwudTe_K__CTKxp-yV0OAntaGv1gqmNgRdY4Kt0&_nc_ohc=ixFu4XqVKsYQ7kNvwHnSVLg&_nc_gid=PoQafpOiTBNcAKacKwdi9w&edm=APs17CUBAAAA&ccb=7-5&oh=00_AfSrr1YSHyv5FLknYix5ey8bAzsRfMZSpb7eT5JznPWxwA&oe=6887C3CC&_nc_sid=10d13b""}, ""created_at"": 1753333438, ""edge_liked_by"": {""count"": 0}, ""viewer_has_liked"": false, ""did_report_as_spam"": false, ""is_restricted_pending"": false}",68266808762,0
35,17852516331498469,8350571d-66f6-4f04-a5ca-bde51b563b4c,"Sek penting ra nyekel hpne pack, biar tetap fokus dijalan üòÇ",DMePR2JyUjQ,2025-07-24 08:45:27.499,2025-07-24 08:45:27.499,"{""id"": ""17852516331498469"", ""text"": ""Sek penting ra nyekel hpne pack, biar tetap fokus dijalan üòÇ"", ""owner"": {""id"": ""2129728299"", ""username"": ""gggmotovlog"", ""is_verified"": false, ""profile_pic_url"": ""https://scontent-man2-1.cdninstagram.com/v/t51.2885-19/38454154_283172995802513_7790924469962276864_n.jpg?stp=dst-jpg_s150x150_tt6&efg=eyJ2ZW5jb2RlX3RhZyI6InByb2ZpbGVfcGljLmRqYW5nby4xMDgwLmV4cGVyaW1lbnRhbCJ9&_nc_ht=scontent-man2-1.cdninstagram.com&_nc_cat=105&_nc_oc=Q6cZ2QH00WVCQ12zickeslhxGf5RX6RYVwudTe_K__CTKxp-yV0OAntaGv1gqmNgRdY4Kt0&_nc_ohc=rqEk9mBAg7wQ7kNvwFUnPpi&_nc_gid=PoQafpOiTBNcAKacKwdi9w&edm=APs17CUBAAAA&ccb=7-5&oh=00_AfQ7TOHtFExn4rrL4K12nDlj6Yt9rfClDbrkfoe3W5T1zQ&oe=6887CC04&_nc_sid=10d13b""}, ""created_at"": 1753335732, ""edge_liked_by"": {""count"": 0}, ""viewer_has_liked"": false, ""did_report_as_spam"": false, ""is_restricted_pending"": false}",2129728299,0
36,18365494690194346,84139267-b249-4ecc-ac17-2d84849995e2,@gggmotovlog tp mataku kadang liat hp di holder. Jd aku g konsen.ckckkc,DMePR2JyUjQ,2025-07-24 08:45:27.532,2025-07-24 08:45:27.532,"{""id"": ""18365494690194346"", ""text"": ""@gggmotovlog tp mataku kadang liat hp di holder. Jd aku g konsen.ckckkc"", ""owner"": {""id"": ""25108919749"", ""username"": ""priyo_lazio"", ""is_verified"": false, ""profile_pic_url"": ""https://scontent-man2-1.cdninstagram.com/v/t51.2885-19/387766089_262145793482151_1795927473522673376_n.jpg?stp=dst-jpg_s150x150_tt6&efg=eyJ2ZW5jb2RlX3RhZyI6InByb2ZpbGVfcGljLmRqYW5nby43MTkuZXhwZXJpbWVudGFsIn0&_nc_ht=scontent-man2-1.cdninstagram.com&_nc_cat=103&_nc_oc=Q6cZ2QH00WVCQ12zickeslhxGf5RX6RYVwudTe_K__CTKxp-yV0OAntaGv1gqmNgRdY4Kt0&_nc_ohc=WdhAZEMwkfQQ7kNvwEFCo-Q&_nc_gid=PoQafpOiTBNcAKacKwdi9w&edm=APs17CUBAAAA&ccb=7-5&oh=00_AfRzUL-rZl9sqiI9QpcMdiNeEnDh1VqDa6a0Z6y-8Fsq7Q&oe=6887C310&_nc_sid=10d13b""}, ""created_at"": 1753339228, ""edge_liked_by"": {""count"": 0}, ""viewer_has_liked"": false, ""did_report_as_spam"": false, ""is_restricted_pending"": false}",25108919749,0
37,18073719685976084,db048f96-9f90-48ea-bef6-395004aa9305,Tp aku liat terus nganter alamat ap cari maap. Jd g konsen. Tiap brapa detik liat hp di holder,DMePR2JyUjQ,2025-07-24 08:45:27.560,2025-07-24 08:45:27.560,"{""id"": ""18073719685976084"", ""text"": ""Tp aku liat terus nganter alamat ap cari maap. Jd g konsen. Tiap brapa detik liat hp di holder"", ""owner"": {""id"": ""25108919749"", ""username"": ""priyo_lazio"", ""is_verified"": false, ""profile_pic_url"": ""https://scontent-man2-1.cdninstagram.com/v/t51.2885-19/387766089_262145793482151_1795927473522673376_n.jpg?stp=dst-jpg_s150x150_tt6&efg=eyJ2ZW5jb2RlX3RhZyI6InByb2ZpbGVfcGljLmRqYW5nby43MTkuZXhwZXJpbWVudGFsIn0&_nc_ht=scontent-man2-1.cdninstagram.com&_nc_cat=103&_nc_oc=Q6cZ2QH00WVCQ12zickeslhxGf5RX6RYVwudTe_K__CTKxp-yV0OAntaGv1gqmNgRdY4Kt0&_nc_ohc=WdhAZEMwkfQQ7kNvwEFCo-Q&_nc_gid=PoQafpOiTBNcAKacKwdi9w&edm=APs17CUBAAAA&ccb=7-5&oh=00_AfRzUL-rZl9sqiI9QpcMdiNeEnDh1VqDa6a0Z6y-8Fsq7Q&oe=6887C310&_nc_sid=10d13b""}, ""created_at"": 1753339268, ""edge_liked_by"": {""count"": 0}, ""viewer_has_liked"": false, ""did_report_as_spam"": false, ""is_restricted_pending"": false}",25108919749,0
38,18083835097865198,9f26a7d7-f054-4e0b-aac1-d4caa3b2113f,@masyaallah019 beda paling bukan tugas polantas,DMePR2JyUjQ,2025-07-24 08:45:27.592,2025-07-24 08:45:27.592,"{""id"": ""18083835097865198"", ""text"": ""@masyaallah019 beda paling bukan tugas polantas"", ""owner"": {""id"": ""25108919749"", ""username"": ""priyo_lazio"", ""is_verified"": false, ""profile_pic_url"": ""https://scontent-man2-1.cdninstagram.com/v/t51.2885-19/387766089_262145793482151_1795927473522673376_n.jpg?stp=dst-jpg_s150x150_tt6&efg=eyJ2ZW5jb2RlX3RhZyI6InByb2ZpbGVfcGljLmRqYW5nby43MTkuZXhwZXJpbWVudGFsIn0&_nc_ht=scontent-man2-1.cdninstagram.com&_nc_cat=103&_nc_oc=Q6cZ2QH00WVCQ12zickeslhxGf5RX6RYVwudTe_K__CTKxp-yV0OAntaGv1gqmNgRdY4Kt0&_nc_ohc=WdhAZEMwkfQQ7kNvwEFCo-Q&_nc_gid=PoQafpOiTBNcAKacKwdi9w&edm=APs17CUBAAAA&ccb=7-5&oh=00_AfRzUL-rZl9sqiI9QpcMdiNeEnDh1VqDa6a0Z6y-8Fsq7Q&oe=6887C310&_nc_sid=10d13b""}, ""created_at"": 1753339308, ""edge_liked_by"": {""count"": 0}, ""viewer_has_liked"": false, ""did_report_as_spam"": false, ""is_restricted_pending"": false}",25108919749,0
39,18122276701464627,e6eae9e3-b265-4a84-aabc-e891715a4e33,Sedulurku mas @wiki_pengganti terima kasih telah mendukung upaya kami untuk menciptakan kamseltibcarlantas üëèüëè,DMePR2JyUjQ,2025-07-24 08:45:27.620,2025-07-24 08:45:27.620,"{""id"": ""18122276701464627"", ""text"": ""Sedulurku mas @wiki_pengganti terima kasih telah mendukung upaya kami untuk menciptakan kamseltibcarlantas üëèüëè"", ""owner"": {""id"": ""58150212085"", ""username"": ""jayeng_harjasa"", ""is_verified"": false, ""profile_pic_url"": ""https://scontent-man2-1.cdninstagram.com/v/t51.2885-19/348729208_925820165364378_693746445360679657_n.jpg?stp=dst-jpg_s150x150_tt6&efg=eyJ2ZW5jb2RlX3RhZyI6InByb2ZpbGVfcGljLmRqYW5nby4xMDgwLmV4cGVyaW1lbnRhbCJ9&_nc_ht=scontent-man2-1.cdninstagram.com&_nc_cat=106&_nc_oc=Q6cZ2QH00WVCQ12zickeslhxGf5RX6RYVwudTe_K__CTKxp-yV0OAntaGv1gqmNgRdY4Kt0&_nc_ohc=cBspy72CVkYQ7kNvwFvDnyb&_nc_gid=PoQafpOiTBNcAKacKwdi9w&edm=APs17CUBAAAA&ccb=7-5&oh=00_AfRtREB5Na_-vN1bPpr1Iod-oB_47jzEOlltfS9p7R_5JQ&oe=6887B8B9&_nc_sid=10d13b""}, ""created_at"": 1753342630, ""edge_liked_by"": {""count"": 0}, ""viewer_has_liked"": false, ""did_report_as_spam"": false, ""is_restricted_pending"": false}",58150212085,0
